ڵ,,Ķ,ӽĶ,Ķ
0,﻿小戏骨：放开那三国 ,7,1/7986,0
1,小戏骨：放开那三国 ,237,1/2590,632
2,生存家族 ,295,1/2545,952
3,黑执事：大西洋之书 ,235,1/2543,1172
4,伤物语3：冷血篇 ,151,1/2547,843
5,《西贡小姐》二十五周年表演 ,9,1/3086,207
6,伤物语2：热血篇 ,397,1/2216,20551
7,理查三世 ,107,1/2474,4791
8,亨利六世：第二部分 ,1,1/3557,0
9,亚人2：冲突 ,7,1/2925,265
10,柠檬水 ,47,1/2623,1439
11,吹响悠风号：欢迎来到北宇治高中吹奏乐部 ,1,1/3479,0
12,少女与战车 剧场版 ,315,1/2199,22636
13,布兰卡和弹吉他的人 ,131,1/2357,9356
14,Love Live! 剧场版 ,14,1/2883,384
15,希德尼娅的骑士 剧场版 ,9,1/3063,130
16,神秘博士：最后的圣诞 ,5,1/3091,52
17,熟悉的陌生人 ,2,1/3499,0
18,姆明：漫游蓝湾 ,3,1/3556,0
19,小楼的奇幻生活 ,230,1/2357,9332
20,太秦灯光下 ,255,1/2273,19699
21,鲁邦三世：次元大介的墓碑 ,0,1/0,0
22,免费入睡 ,53,1/2458,2302
23,艾弗森 ,5,1/3095,65
24,杰克 ,66,1/2510,1995
25,古剑奇谭2：永夜初晗 ,0,1/0,0
26,帷幕：波洛的最后一案 ,1,1/3458,0
27,流浪的尤莱克 ,5,1/3114,169
28,生命如此美好 ,200,1/2353,11066
29,狗十三 ,158,1/2403,5362
30,寂静人生 ,17,1/2817,394
31,月光诗篇 ,28,1/2602,993
32,出路 ,118,1/2465,3351
33,旧罪的阴影 ,0,1/0,0
34,现实之舞 ,2,1/3556,0
35,那天妈妈来看我 ,42,1/2519,1892
36,我亲爱的甜橙树 ,187,1/2345,8220
37,奇特的故事 ,209,1/2380,9757
38,无法避免的战争 ,152,1/2383,4414
39,美丽心境界 ,16,1/2584,580
40,壳中少女：排气 ,0,1/0,0
41,今夕何夕 ,31,1/2579,1209
42,娜美篇 航海士的眼泪与牵绊 ,22,1/2561,1419
43,布拉姆的异想世界 ,21,1/2685,1280
44,魔法少女奈叶The MOVIE 2nd A's ,1,1/4368,0
45,图书馆战争：革命之翼 ,6,1/3177,1704
46,没有无辜的旁观者 ,152,1/2367,5453
47,摩斯探长前传 试映集 ,8,1/3038,68
48,完美对垒 ,98,1/2670,347
49,一点小信仰 ,39,1/2621,1284
50,永不独行 ,0,1/0,0
51,跳芭蕾舞的男孩 ,10,1/2831,141
52,五月的四天 ,91,1/2432,3706
53,回阵 ,166,1/2337,14106
54,谜之音 ,9,1/2743,42
55,蓝学校 ,306,1/2164,27556
56,飞哥与小佛的时空大冒险 ,0,1/0,0
57,博学无术 ,34,1/2568,2158
58,便当盒里的小秘密 ,6,1/3034,337
59,讲台深处 ,13,1/2879,410
60,攻壳机动队SSS 3D ,2,1/3599,0
61,阿曼尼亚：欢迎来到德国 ,107,1/2372,8127
62,天天好天 ,64,1/2463,2867
63,苍穹之法芙娜：天堂和地球 ,32,1/2517,1336
64,停靠 ,50,1/2539,1377
65,永远活下去 ,63,1/2480,2006
66,巧舌如父 ,3,1/3319,10
67,哥哥的烟火 ,148,1/2358,7746
68,这样的爱 ,178,1/2363,6938
69,幸存的生命（理论与实践） ,25,1/2634,839
70,你想要的一切 ,7,1/2865,476
71,最狂野的梦想：征服珠峰 ,331,1/2161,29227
72,科帕卡巴纳 ,37,1/2486,1602
73,毛嗑儿 ,11,1/2823,846
74,不要摄像机 ,43,1/2559,1668
75,赤脚梦想 ,86,1/2407,5142
76,与春同行 ,222,1/2331,10746
77,枪神 剧场版 ,0,1/0,0
78,这不是弥赛亚 ,0,1/0,0
79,以德报怨 ,3,1/3307,31
80,无蝉的夏天 ,211,1/2350,11136
81,豆满江 ,32,1/2619,1446
82,革命前夕的录音日记 ,0,1/0,0
83,哈姆雷特 ,83,1/2380,7998
84,小岛 ,183,1/2367,6429
85,风愿 ,47,1/2487,3065
86,国家地理：走进迷幻剂 ,8,1/2976,78
87,狼 ,48,1/2526,2006
88,祖母 ,42,1/2607,1131
89,迈克尔·杰克逊追思会 ,0,1/0,0
90,枪声俱乐部 ,58,1/2438,4631
91,巴比伦之子 ,29,1/2577,1167
92,阿阿奇与西西帕克 ,144,1/2381,4437
93,被投石处死的索拉雅·M ,86,1/2417,4886
94,纽约 ,42,1/2557,1608
95,破碎 ,1,1/3599,0
96,60岁的情书 ,5,1/2988,161
97,无人知晓的波斯猫 ,70,1/2405,5124
98,鲜花 ,4,1/3175,28
99,天元突破剧场版：螺岩篇 ,19,1/2606,693
100,彼岸 ,16,1/2735,874
101,给雅各布神父的信 ,64,1/2457,4539
102,战火重生 ,0,1/0,0
103,飞出个未来大电影4：绿色狂想 ,13,1/2767,495
104,时光之尘 ,221,1/2318,13965
105,恩赐妙手：班·卡森医师 ,21,1/2552,1593
106,不是我，我发誓！ ,9,1/3166,203
107,在瑞士的日子 ,46,1/2505,2818
108,西部牛仔太空歌舞剧 ,2,1/3293,106
109,马丁弗里曼的Motown之旅 ,0,1/0,0
110,布吉舞 ,151,1/2355,10118
111,梅第奇家族：现代艺术缔造者 ,45,1/2515,2587
112,布兰妮：郑重声明 ,143,1/2374,4478
113,吗啡 ,17,1/2616,1119
114,吻 ,45,1/2537,1392
115,我将在好莱坞长眠 ,37,1/2535,1180
116,是的，我们行！ ,69,1/2425,3532
117,李尔王 ,22,1/2646,734
118,给斯大林的礼物 ,13,1/2952,173
119,吉屋出租：百老汇剧场版 ,0,1/0,0
120,滚拉拉的枪 ,46,1/2522,3604
121,天元突破剧场版：红莲篇 ,18,1/2571,1100
122,呆瓜的崛起 ,197,1/2331,10495
123,秋天 ,190,1/2331,12043
124,勿忘我 ,43,1/2564,2905
125,山樱 ,253,1/2270,18002
126,小小的叛国者 ,15,1/2715,136
127,爱的真谛 ,8,1/2970,542
128,河狸白毛历险记 ,143,1/2374,4478
129,追火车日记 ,51,1/2456,2843
130,列国图志之澳大利亚 ,0,1/0,0
131,西班牙城堡 ,9,1/2879,287
132,佛在耻辱中倒塌 ,42,1/2520,1803
133,香巴拉信使 ,198,1/2345,8388
134,教宗的洗手间 ,228,1/2320,13695
135,一样的月光 ,180,1/2352,8561
136,英伦性丑闻 ,146,1/2368,4991
137,愛と生命と涙の全記録「余命一ヶ月の花嫁」～乳がんと闘った24歳～最後のメッセージ ,17,1/2750,622
138,The Sky Remains The Same As Ever ,1,1/3556,0
139,狗和狼之間的时间 ,0,1/0,0
140,与我的园丁对话 ,16,1/2735,953
141,加州梦 ,85,1/2393,7231
142,魂归伤膝谷 ,8,1/2916,252
143,辛普森一家之24分钟蛋糕卖场反臭弹 ,143,1/2373,4505
144,二维世界 ,4,1/3257,19
145,雅各布斯和路易威登 ,0,1/0,0
146,天线 ,24,1/2607,1206
147,伯特伦旅馆之谜 ,1,1/4845,0
148,光荣之子 ,50,1/2478,2512
149,科学睡眠2 ,0,1/0,0
150,失控的校园 ,192,1/2355,9614
151,伊斯坦布尔的幸福 ,18,1/2643,1324
152,少年导演 ,4,1/3271,142
153,战鼓 ,0,1/0,0
154,我和托马斯 ,5,1/3055,200
155,男人上路 ,0,1/0,0
156,动物之森 ,4,1/3115,185
157,沉重的决定 ,11,1/2985,350
158,婚纱 ,0,1/0,0
159,勒克瑙之花 ,2,1/3524,0
160,两周 ,5,1/3115,378
161,布加勒斯特东12点8分 ,98,1/2403,6918
162,梦比优斯奥特曼和奥特兄弟 ,8,1/2978,327
163,喀布尔快递 ,28,1/2670,1308
164,同名人 ,39,1/2547,1244
165,黑帮大佬和平梦 ,108,1/2404,6176
166,长途漫步 ,38,1/2584,2158
167,大器晚成 ,14,1/2827,540
168,乔丹传奇-二十年的统治 ,4,1/3003,41
169,探索频道： 非洲超级七兽 ,168,1/2346,7668
170,像土豆一样的信仰 ,149,1/2362,5706
171,列国图志之巴西 ,0,1/0,0
172,飞 ,2,1/3471,39
173,紫陀螺 ,24,1/2785,422
174,来自俄亥俄的获奖者 ,20,1/2668,556
175,威尔和格蕾丝 告别秀 ,2,1/3433,0
176,彼得调频 ,3,1/4657,0
177,四月某时 ,28,1/2613,2329
178,机动战士Z高达Ⅲ 星辰的鼓动是爱 ,0,1/0,0
179,煦阳岭的疑云 ,0,1/0,0
180,魔手 ,0,1/0,0
181,盲者之国 ,6,1/3139,64
182,小鹿斑比2 ,6,1/2838,28
183,长矛的尖端 ,17,1/2624,1017
184,苍穹之法芙娜：逝者的权利 ,2,1/3374,82
185,我的家人和其他动物 ,8,1/3073,230
186,伊丽莎白 ,0,1/0,0
187,爱是漫长旅程 ,22,1/2622,1609
188,梦魇疯人院 ,21,1/2676,1390
189,蝉时雨 ,172,1/2364,6899
190,战场上的小人球 ,72,1/2449,5004
191,绘画抑制9 ,11,1/2875,402
192,古巴万岁 ,66,1/2419,5179
193,12岁的少年 ,74,1/2396,6728
194,记得童年那首歌 ,11,1/2785,398
195,小黄狗的窝 ,78,1/2412,6207
196,斯蒂威.格瑞菲:未曝光的故事 ,0,1/0,0
197,秋雨 ,74,1/2413,6116
198,无知的声音 ,19,1/2697,1145
199,绅士的启示联盟 ,5,1/3021,68
200,机动战士Z高达：星之继承者 ,0,1/0,0
201,杀戮禁区 ,81,1/2418,5354
202,亚当的苹果 ,72,1/2424,5921
203,圣·拉尔夫 ,24,1/2650,1006
204,我们的音乐 ,16,1/2669,564
205,生命国界 ,163,1/2365,7365
206,替天行道三人行 ,8,1/3015,482
207,布拉格狂想曲 ,62,1/2468,3720
208,小熊维尼之长鼻怪大冒险 ,3,1/3342,26
209,黑色的风采 ,8,1/2776,758
210,奥斯维辛 ,1,1/3517,0
211,国王与王后 ,59,1/2460,3540
212,黑熊维尼 ,10,1/2950,556
213,爱无国界 ,85,1/2431,4422
214,安徒生之童话人生 ,18,1/2741,315
215,蠢蛋玩世界 ,3,1/3306,20
216,劳拉的星星 ,55,1/2466,3162
217,春天花盛开 ,244,1/2279,16502
218,撼动生命 ,145,1/2400,4193
219,其实在天堂 ,204,1/2338,10904
220,上学路上 ,90,1/2391,6113
221,在天堂遇见的五个人 ,185,1/2348,7834
222,海洋热 ,174,1/2397,5148
223,公共王国的旅行 ,0,1/0,0
224,关于浪漫时代的一个漫长婚约 ,1,1/3510,0
225,狮路历程 ,3,1/3473,0
226,土地与尘埃 ,6,1/2978,91
227,勇踏星途 ,21,1/2836,705
228,给坏小子的歌 ,0,1/0,0
229,天作之盒 ,144,1/2408,3838
230,乡村照相馆 ,2,1/3464,0
231,维纳斯宾馆 ,159,1/2353,6961
232,米开朗基罗 ,40,1/2594,1424
233,暹罗复兴 ,7,1/2935,349
234,老子 ,0,1/0,0
235,女权天使 ,43,1/2518,2044
236,最后的木琴师 ,28,1/2549,1053
237,森林鲁滨逊 ,0,1/0,0
238,萨拉邦德 ,182,1/2353,7558
239,去往蒙巴萨的单程票 ,39,1/2493,1796
240,昭和歌谣大全集 ,149,1/2361,5395
241,我美丽的守护天使 ,248,1/2313,12604
242,真情电波 ,33,1/2516,2046
243,庞贝古城：最后的一天 ,13,1/2777,448
244,特蕾莎修女 ,153,1/2367,5226
245,亚伯拉罕先生 ,87,1/2386,7752
246,雪行者 ,4,1/3152,9
247,约翰福音 ,1,1/3397,0
248,剧场版 假面骑士555 消失的天堂 ,2,1/3523,0
249,鲁邦三世：宝物返还大作战 ,0,1/0,0
250,遥远的光辉 ,67,1/2454,4311
251,我的妹妹小桃子 ,42,1/2606,2565
252,生命的重托 ,15,1/2726,943
253,我的黄金时代 ,19,1/2721,766
254,消失在地图上的名字 ,16,1/2655,912
255,星际5555：异星梦系统秘传 ,1,1/3486,0
256,我是大卫 ,63,1/2476,4163
257,寻爱之旅 ,16,1/2768,248
258,翼神世音 多元变奏曲 ,8,1/2853,457
259,航向热带岛屿的冰山 ,42,1/2549,2345
260,美丽的秘密 ,0,1/0,0
261,生死花园 ,179,1/2349,8305
262,小猪大行动 ,145,1/2367,6252
263,法拉利传 ,11,1/3137,361
264,早春二月 ,54,1/2528,2353
265,芳心他属 ,39,1/2450,2527
266,失落的王子 ,161,1/2352,6747
267,平安夜 ,15,1/2797,887
268,皇家俱乐部 ,48,1/2461,3086
269,尘世之间 ,16,1/2656,1512
270,索利诺 ,38,1/2658,1446
271,些许故事 ,35,1/2560,1680
272,希弗和希索 ,8,1/3152,288
273,艾迪 ,167,1/2354,7547
274,断魂枪声 ,7,1/2941,411
275,阿弥陀堂讯息 ,123,1/2337,8053
276,火车上的男人 ,171,1/2368,7157
277,春天的杜鹃 ,152,1/2361,7085
278,太阳背后 ,144,1/2369,4681
279,恶魔的孩子 ,162,1/2362,6032
280,一无所有 ,1,1/3435,0
281,演员工作室：约翰尼·德普 ,0,1/0,0
282,野丫头 ,7,1/2936,130
283,风的第一声呼吸 ,0,1/0,0
284,杀人优越权 ,401,1/2471,3380
285,星河战队：火星叛国者 ,165,1/2544,1448
286,王牌保镖 ,498,1/2483,3746
287,鲛珠传 ,584,1/2352,8397
288,星游记之风暴法米拉 ,165,1/2441,4514
289,青年警察 ,165,1/2648,312
290,六天 ,528,1/2252,16852
291,反恐特警组：潜龙突围 ,36,1/2751,467
292,军舰岛 ,572,1/2536,2251
293,首杀 ,40,1/2752,444
294,悟空传 ,745,1/2445,7555
295,赛尔号大电影6：圣者无敌 ,161,1/2464,3244
296,西谎极落之太爆太子太空舱 ,307,1/2388,6971
297,三生三世十里桃花 ,771,1/2364,17218
298,喵星人 ,537,1/2351,7100
299,海滩的一天 ,265,1/2523,1281
300,裸婚大喜 ,161,1/2467,4626
301,大护法 ,606,1/2348,24030
302,反转人生 ,417,1/2462,3133
303,绝世高手 ,629,1/2438,5501
304,父子雄兵 ,612,1/2390,8206
305,闪光少女 ,526,1/2442,5769
306,仓皇一夜 ,403,1/2371,7954
307,重装上阵 ,232,1/2487,3210
308,神偷奶爸3 ,644,1/2408,6569
309,李雷和韩梅梅 ,458,1/2492,2551
310,美好的意外 ,430,1/2475,2455
311,内裤队长 ,144,1/2471,4111
312,“吃吃”的爱 ,567,1/2471,3826
313,战争机器 ,537,1/2299,11639
314,不期而遇 ,345,1/2485,1994
315,海滩游侠 ,457,1/2278,13266
316,母女大战 ,6,1/3039,35
317,麻烦家族 ,430,1/2457,3546
318,如何成为拉丁情人 ,26,1/2730,485
319,傲娇与偏见 ,421,1/2488,2248
320,爸爸是女儿 ,252,1/2500,2040
321,春娇救志明 ,756,1/2465,7581
322,指甲刀人魔 ,482,1/2517,2073
323,喜欢你 ,771,1/2498,5126
324,三个老枪手 ,495,1/2443,4079
325,有完没完 ,635,1/2339,10286
326,蓝精灵：寻找神秘村 ,378,1/2414,4872
327,加州公路巡警 ,160,1/2488,2557
328,救僵清道夫 ,565,1/2290,13661
329,宝贝老板 ,470,1/2412,4652
330,婚宴桌牌19号 ,244,1/2453,3731
331,打拳架 ,83,1/2584,2604
332,酒吧 ,319,1/2433,4691
333,合约男女 ,367,1/2492,1580
334,乐高蝙蝠侠大电影 ,444,1/2502,1661
335,东北往事之破马张飞 ,393,1/2417,4923
336,希望的另一面 ,344,1/2417,4432
337,猪肉馅饼 ,164,1/2414,5862
338,无处为家 ,386,1/2461,2813
339,乘风破浪 ,811,1/2463,9686
340,西游伏妖篇 ,817,1/2355,25938
341,安娜贝尔2：诞生 ,329,1/2420,5024
342,毁灭僵尸 ,146,1/2386,3594
343,生化危机：复仇 ,499,1/2295,11168
344,异形：契约 ,761,1/2449,7751
345,黑夜造访 ,265,1/2369,9660
346,失眠 ,444,1/2417,5036
347,异星觉醒 ,718,1/2420,8074
348,鬼话怪谈·祥云寺 ,20,1/2950,399
349,午夜凶铃3(美版) ,156,1/2395,6524
350,逃出绝命镇 ,602,1/2470,3892
351,新娘 ,90,1/2462,5198
352,送葬人 ,7,1/3196,17
353,疗养怨 ,53,1/2566,1467
354,分裂 ,526,1/2464,3749
355,诡魔童 ,295,1/2375,8520
356,女妖 ,15,1/2844,274
357,天呐我的丧尸！ ,56,1/2582,1516
358,育婴室 ,216,1/2436,3059
359,索命APP ,13,1/2836,37
360,别挂电话 ,95,1/2460,4076
361,死亡占卜2：恶灵始源 ,91,1/2499,1696
362,深海逃生 ,81,1/2705,350
363,刑柱之地2 ,73,1/2496,2684
364,天赐之女 ,372,1/2341,11500
365,虚空异界 ,211,1/2395,9030
366,别敲两次门 ,277,1/2348,12176
367,三十一 ,449,1/2197,25990
368,布莱尔女巫 ,206,1/2364,9382
369,无名女尸 ,699,1/2236,33550
370,当树枝折断时 ,188,1/2350,11714
371,我不是连环杀手 ,64,1/2470,3548
372,致命邻居 ,276,1/2306,16406
373,26种死法2.5：M号档案 ,78,1/2666,1274
374,病毒 ,89,1/2450,5790
375,中邪 ,429,1/2350,12185
376,关灯后 ,340,1/2315,14500
377,魔都凶音 ,400,1/2235,15883
378,人类清除计划3 ,443,1/2237,19798
379,丧尸围城：终结篇 ,159,1/2376,8758
380,贞子大战伽椰子 ,237,1/2354,10442
381,恐吓运动 ,264,1/2360,10540
382,招魂2 ,466,1/2318,18594
383,夺命来电 ,149,1/2412,6741
384,恐怖故事3：火星来的少女 ,3,1/4733,0
385,笔仙大战贞子 ,132,1/2438,4452
386,少女椿 ,361,1/2408,7098
387,末世肉体 ,86,1/2453,4941
388,生吃 ,240,1/2371,8448
389,死亡笔记 ,284,1/2451,3283
390,京城81号2 ,436,1/2445,3225
391,一天 ,381,1/2488,2127
392,22年后的自白：我是杀人犯 ,69,1/2562,2061
393,浮生梦 ,276,1/2491,1706
394,夏天19岁的肖像 ,351,1/2505,1559
395,惊天解密 ,350,1/2421,6367
396,拆弹专家 ,608,1/2469,4661
397,墙里的声音 ,272,1/2360,9662
398,记忆大师 ,777,1/2453,7014
399,神秘家族 ,422,1/2438,4114
400,梅格雷的十字路口之夜 ,68,1/2551,2379
401,名侦探柯南：唐红的恋歌 ,174,1/2460,4226
402,时间上的家 ,249,1/2574,782
403,暗黑女子 ,295,1/2341,11649
404,嫌疑人X的献身 ,800,1/2462,9498
405,目击者之追凶 ,539,1/2571,1603
406,夜色撩人 ,322,1/2434,3133
407,我们 ,221,1/2411,6683
408,糜骨之壤 ,111,1/2512,2115
409,命运晚餐 ,8,1/3084,146
410,忽然七日 ,340,1/2418,4167
411,柏林综合症 ,260,1/2399,5551
412,你好，疯子！ ,505,1/2472,3918
413,那年夏天你去了哪里 ,409,1/2451,4124
414,梅格雷的亡者 ,114,1/2491,2966
415,绝对控制 ,392,1/2455,2920
416,灵魂纸扎店 ,72,1/2457,4071
417,罗曼蒂克消亡史 ,802,1/2500,4363
418,BLAME! ,370,1/2479,1875
419,重返17岁 ,179,1/2511,1366
420,P与JK ,69,1/2858,75
421,黑子的篮球：最后的游戏 ,10,1/2729,327
422,午睡公主 ,109,1/2584,1466
423,啦啦队之舞：女高中生用啦啦队舞蹈征服全美的真实故事 ,80,1/2574,2172
424,哆啦A梦：大雄的南极冰冰凉大冒险 ,392,1/2457,2675
425,春&夏事件簿 ,2,1/5904,0
426,空白的13年 ,57,1/2560,1209
427,今天的吉良同学 ,1,1/4712,0
428,一周的朋友 ,98,1/2647,558
429,相棒剧场版4 ,8,1/3160,90
430,人生密密缝 ,306,1/2528,917
431,与君相恋100次 ,499,1/2429,4623
432,伤痕累累的恶魔 ,94,1/2446,4582
433,天才麻将少女 电影版 ,113,1/2402,3530
434,奇迹，那天如此重要 ,369,1/2380,8061
435,破门：两个疫病神 ,220,1/2399,7445
436,一吻定情电影版2：大学篇 ,61,1/2570,1717
437,新宿天鹅2 ,101,1/2428,4624
438,本能寺酒店 ,168,1/2474,2758
439,珈百璃的堕落 ,97,1/2501,3046
440,明天也有好吃的饭 ,77,1/2594,1006
441,明日的我与昨日的你约会 ,450,1/2392,8205
442,鼹鼠之歌2：香港狂骚曲 ,251,1/2354,9355
443,安昙春子下落不明 ,475,1/2279,11439
444,古都 ,277,1/2268,19717
445,白百合 ,46,1/2691,163
446,疾风回旋曲 ,6,1/3384,17
447,一吻定情电影版1：高中篇 ,1,1/4774,0
448,圣之青春 ,111,1/2415,5949
449,在这世界的角落 ,515,1/2477,2300
450,老人交响乐团 ,164,1/2328,9225
451,溺水小刀 ,362,1/2395,7062
452,请和我的妻子结婚 ,275,1/2281,17052
453,我的叔叔 ,324,1/2457,2496
454,生日卡片 ,201,1/2384,6697
455,暗金丑岛君：完结篇 ,464,1/2225,22162
456,金牌男人 ,278,1/2261,20276
457,杀戮都市：O ,563,1/2359,6050
458,父亲与伊藤先生 ,436,1/2396,6099
459,恶魔蛙男 ,622,1/2315,9956
460,少女 ,323,1/2287,17757
461,早安秀 ,166,1/2311,11629
462,滚烫的爱 ,467,1/2408,4962
463,独家新闻 ,376,1/2436,3934
464,数码宝贝大冒险tri. 第3章：告白 ,24,1/2616,1094
465,爱哭鬼皮埃罗的婚礼 ,153,1/2340,8645
466,暗金丑岛君3 ,412,1/2222,21431
467,真田十勇士 真人版 ,102,1/2414,2741
468,声之形 ,618,1/2312,21315
469,跨越栅栏 ,291,1/2332,13243
470,怒 ,584,1/2365,16190
471,四月是你的谎言 ,244,1/2312,12743
472,苦中带甜的滋味 ,154,1/2346,9340
473,谁的木琴 ,105,1/2415,2831
474,永远的托词 ,409,1/2361,11251
475,反情色 ,209,1/2395,7259
476,愚行录 ,325,1/2359,9524
477,明明不喜欢 ,222,1/2375,8805
478,异邦警察 电影版 ,150,1/2363,9111
479,后妻业之女 ,204,1/2342,12576
480,你的名字。 ,900,1/2330,32334
481,恋妻家宫本 ,114,1/2397,7672
482,青空呐喊 ,178,1/2360,10664
483,秘密 ,377,1/2363,10764
484,花芯 ,478,1/2203,29159
485,黑猫鲁道夫 ,133,1/2406,6063
486,我被爸爸绑架了 ,205,1/2365,9018
487,新哥斯拉 ,678,1/2235,31791
488,航海王之黄金城 ,371,1/2352,12414
489,加速世界：无限超频 ,3,1/3406,0
490,屋顶的散步者 ,185,1/2368,10271
491,热血街区电影版 ,125,1/2371,8672
492,精灵宝可梦：波尔凯尼恩与机巧的玛机雅娜 ,1,1/3488,0
493,最终幻想15：王者之剑 ,523,1/2296,14593
494,森山中教习所 ,155,1/2336,9191
495,全员单恋 ,260,1/2340,12938
496,人狼游戏：越狱 ,305,1/2164,27357
497,早死早投胎之地狱摇滚篇 ,428,1/2241,25131
498,日本最坏的家伙们 ,195,1/2349,11432
499,讨厌的女人 ,389,1/2162,29873
500,葛城事件 ,221,1/2333,13120
501,二重生活 ,359,1/2308,17137
502,濑户内海 ,392,1/2345,13400
503,昭和64年 后篇 ,415,1/2194,24828
504,伤心往事 ,205,1/2276,17046
505,夏美的萤火虫 ,242,1/2285,16610
506,植物图鉴 ,224,1/2394,7534
507,星笼之海 ,500,1/2161,33643
508,高台家的成员 ,384,1/2213,32516
509,团地 ,250,1/2321,14242
510,狼少女与黑王子 ,376,1/2187,24037
511,白昼之雨 ,520,1/2176,33580
512,错乱的一代 ,310,1/2345,11971
513,比海更深 ,629,1/2330,21654
514,假如猫从世界上消失了 ,564,1/2263,21700
515,临渊而立 ,362,1/2367,10898
516,殿下，给点利息 ,524,1/2116,47107
517,昭和64年 前篇 ,425,1/2209,22996
518,英雄迷的生活 ,187,1/2347,12040
519,花牌情缘 下之句 ,344,1/2238,25140
520,火星异种 ,273,1/2362,10327
521,读取记忆碎片的男人 ,245,1/2355,11383
522,请叫我英雄 ,717,1/2249,34828
523,游戏王：次元的黑暗面 ,24,1/2663,1011
524,告白实行委员会：从很久以前就喜欢你了 ,3,1/3323,4
525,太阳 ,331,1/2255,22092
526,名侦探柯南：纯黑的恶梦 ,487,1/2304,13170
527,蜡笔小新：梦境世界大突击 ,263,1/2438,3650
528,莫西干回到故乡 ,337,1/2296,16198
529,毒虫 ,338,1/2331,13349
530,窥视之眸 ,98,1/2441,5379
531,奇怪的她 ,625,1/2247,38247
532,蜜之哀伤 ,136,1/2381,8994
533,瑞普·凡·温克尔的新娘 ,486,1/2290,22505
534,无伴奏 ,294,1/2329,12278
535,暗杀教室：毕业篇 ,268,1/2348,11125
536,花牌情缘 上之句 ,192,1/2293,15620
537,只有我不在的街道 ,107,1/2408,5559
538,家族之苦 ,470,1/2308,20066
539,数码宝贝大冒险tri. 第2章：决意 ,21,1/2662,297
540,珠峰：神之山岭 ,1,1/3510,0
541,哆啦A梦：新·大雄的日本诞生 ,298,1/2420,4499
542,星丘车站失物招领 ,22,1/2612,475
543,水手服与机关枪：毕业 ,387,1/2100,46082
544,成年人的爱情故事 ,80,1/2493,3544
545,我才不会对黑崎君说的话言听计从 ,78,1/2528,2464
546,当女人沉睡时 ,440,1/2159,33420
547,同级生 ,365,1/2221,17601
548,毛骨悚然 ,639,1/2176,40807
549,荔枝光俱乐部 ,12,1/2798,166
550,亡国的阿基德最终章：致我所爱 ,0,1/0,0
551,头文字D新剧场版：梦现 ,355,1/2240,15468
552,为什么猫都叫不来 ,278,1/2281,17391
553,演员龟冈拓次 ,178,1/2308,13213
554,信长协奏曲 电影版 ,184,1/2340,9101
555,像“像那样的东西”那样的东西 ,116,1/2386,4627
556,粉与灰 ,154,1/2369,6325
557,玻璃之花与坏掉的世界 ,16,1/3162,118
558,人生的约定 ,45,1/2477,1962
559,伤物语1：铁血篇 ,134,1/2441,4669
560,少爷 ,206,1/2281,16846
561,红鳉鱼 ,332,1/2294,16520
562,山中的汤姆先生 ,14,1/2660,577
563,樱桃小丸子：来自意大利的少年 ,324,1/2411,7466
564,小花的味噌汤 ,254,1/2320,12672
565,橘色奇迹 ,303,1/2278,18258
566,如果和母亲一起生活 ,331,1/2293,17830
567,欢乐时光 ,206,1/2366,9187
568,人狼游戏：疯狂的狐狸 ,0,1/0,0
569,High☆Speed! -Free! Starting Days- ,5,1/3275,11
570,杉原千亩 ,24,1/2590,1040
571,和谐 ,380,1/2258,16089
572,亚人1：冲动 ,15,1/2912,191
573,雨树之国 ,6,1/3041,32
574,剧场灵 ,24,1/2748,323
575,恋人们 ,494,1/2226,26098
576,藤田嗣治 ,100,1/2512,2452
577,蚱蜢 ,214,1/2377,8978
578,剧场版MOZU ,322,1/2189,22796
579,为你取名的那一天 ,173,1/2339,13039
580,俺物语 ,211,1/2314,12488
581,残秽，不可以住的房间 ,369,1/2182,24809
582,下众之爱 ,370,1/2359,10511
583,再见 ,167,1/2349,9747
584,银河街道 ,57,1/2473,2338
585,我是和尚 ,389,1/2100,46050
586,图书馆战争：记忆之书 ,114,1/2370,5247
587,前辈和她 ,151,1/2352,7628
588,探险队的荣光 ,305,1/2163,27394
589,老师与流浪猫 ,112,1/2374,8598
590,图书馆战争2：最后的任务 ,195,1/2325,10700
591,食梦者 ,318,1/2333,13207
592,罪的留白 ,313,1/2162,28287
593,尸者帝国 ,328,1/2218,17855
594,心灵想要大声呼喊 ,226,1/2481,1701
595,猎杀星期一 ,455,1/2455,3590
596,伪婚男女 ,271,1/2314,15140
597,难以置信 ,93,1/2513,2768
598,再见时光 ,233,1/2456,2854
599,绝命时钟2:22 ,302,1/2423,5439
600,哀乐女子天团 ,353,1/2392,6014
601,缉枪 ,409,1/2395,6234
602,我是马布里 ,306,1/2470,2395
603,死于独特 ,192,1/2435,4082
604,绣春刀II：修罗战场 ,759,1/2428,8506
605,明月几时有 ,541,1/2469,3741
606,一锤定音 ,253,1/2428,4494
607,阿唐奇遇 ,341,1/2451,3084
608,六人晚餐 ,507,1/2358,5665
609,忠爱无言 ,438,1/2445,3697
610,赶尽杀绝 ,93,1/2512,2862
611,代立军 ,370,1/2379,4758
612,神奇女侠 ,812,1/2450,8752
613,蜘蛛侠：英雄归来 ,641,1/2443,4804
614,变形金刚5：最后的骑士 ,787,1/2467,6343
615,亨利之书 ,4,1/3206,4
616,新木乃伊 ,680,1/2388,8626
617,加勒比海盗5：死无对证 ,721,1/2430,7934
618,双面情人 ,100,1/2452,2722
619,牡丹花下 ,47,1/2509,1387
620,绑架 ,191,1/2392,8102
621,每分钟120击 ,85,1/2431,3975
622,欺诈圣手 ,379,1/2412,5070
623,末日重启 ,340,1/2436,3475
624,勒索风云 ,235,1/2479,2590
625,亚瑟王：斗兽争霸 ,556,1/2475,3858
626,生死之墙 ,468,1/2235,19825
627,青禾男高 ,426,1/2399,8648
628,铁甲战神 ,179,1/2556,1412
629,真实 ,459,1/2500,2068
630,逆时营救 ,584,1/2466,4519
631,荡寇风云 ,590,1/2279,19950
632,之后 ,404,1/2502,1933
633,恶女 ,411,1/2447,4210
634,玉子 ,548,1/2516,2375
635,小情书 ,294,1/2517,1174
636,不汗党 ,289,1/2495,2174
637,毒。诫 ,464,1/2362,12542
638,梅根·利维 ,251,1/2369,9460
639,同囚 ,236,1/2321,15404
640,巴霍巴利王(下)：终结 ,550,1/2228,25894
641,圆圈 ,382,1/2327,15451
642,特别市民 ,266,1/2459,2883
643,那些爱人 ,367,1/2448,2987
644,血狼犬 ,336,1/2380,7352
645,蚯蚓 ,476,1/2504,2880
646,银河护卫队2 ,735,1/2396,10754
647,天才少女 ,554,1/2497,2303
648,速度与激情8 ,720,1/2447,6944
649,空难余波 ,268,1/2328,14562
650,非凡任务 ,659,1/2311,24231
651,绑架者 ,511,1/2379,14122
652,攻壳机动队 ,733,1/2321,25277
653,一条龙 ,100,1/2611,427
654,超凡战队 ,511,1/2297,16049
655,叛狱无间 ,339,1/2482,2347
656,美女与野兽 ,700,1/2507,3908
657,动物园长的夫人 ,300,1/2335,13075
658,原谅他77次 ,431,1/2478,2272
659,歌声不绝 ,141,1/2425,6447
660,终结的感觉 ,101,1/2467,4876
661,敌对区域 ,318,1/2152,30798
662,王牌保安 ,36,1/2733,900
663,解冻 ,235,1/2459,2988
664,金刚：骷髅岛 ,713,1/2328,24143
665,守护者：世纪战元 ,372,1/2369,9303
666,单身骑士 ,98,1/2558,794
667,他们先杀了我父亲：一个柬埔寨女儿的回忆录 ,311,1/2327,14183
668,金刚狼3：殊死一战 ,827,1/2453,9238
669,独自在夜晚的海边 ,420,1/2510,1761
670,肌肤 ,332,1/2361,11198
671,五十度黑 ,620,1/2393,5807
672,疾速特攻 ,682,1/2246,33075
673,决战食神 ,586,1/2265,24682
674,被操纵的城市 ,493,1/2502,1917
675,回到火星 ,161,1/2426,7323
676,健忘村 ,657,1/2286,24848
677,功夫瑜伽 ,665,1/2357,14558
678,熊出没·奇幻空间 ,496,1/2227,23521
679,一条狗的使命 ,692,1/2272,29019
680,猜火车2 ,415,1/2534,887
681,52赫兹，我爱你 ,304,1/2369,8882
682,莫斯科陷落 ,369,1/2330,16007
683,最后的话 ,240,1/2345,13890
684,骨瘦如柴 ,356,1/2301,18359
685,鬼魅浮生 ,383,1/2329,16290
686,布希维克 ,54,1/2506,4693
687,大病 ,354,1/2336,13389
688,爱有来世 ,423,1/2315,20000
689,王者 ,503,1/2501,3349
690,共助 ,436,1/2500,1947
691,极限特工3：终极回归 ,657,1/2302,22767
692,情圣 ,656,1/2412,8104
693,金矿 ,351,1/2307,18817
694,隐于书后 ,229,1/2320,16812
695,隐藏人物 ,653,1/2432,3873
696,夜色人生 ,403,1/2273,26158
697,生化危机：终章 ,743,1/2273,33681
698,摆渡人 ,818,1/2456,8743
699,为什么是他？ ,227,1/2329,14049
700,刺客信条 ,706,1/2271,30945
701,太空旅客 ,767,1/2275,34202
702,金融决战 ,571,1/2497,2787
703,怪兽卡车 ,289,1/2308,17181
704,长城 ,878,1/2434,13581
705,星球大战外传：侠盗一号 ,734,1/2254,33995
706,附属美丽 ,373,1/2320,17327
707,藩篱 ,462,1/2323,18809
708,少年 ,605,1/2264,25277
709,了不起的菲丽西 ,288,1/2441,4092
710,救命解药 ,487,1/2313,19871
711,28岁未成年 ,589,1/2305,25628
712,幽冥 ,415,1/2347,17539
713,潘多拉 ,565,1/2515,2301
714,性爱娃娃 ,206,1/2305,21335
715,超级快递 ,465,1/2354,13519
716,沉默 ,445,1/2326,19709
717,最萌身高差 ,281,1/2391,7215
718,大创业家 ,400,1/2274,22853
719,黑夜传说5：血战 ,568,1/2180,38328
720,潘菲洛夫28勇士 ,255,1/2324,14612
721,突然20岁 ,185,1/2346,12659
722,海洋奇缘 ,548,1/2366,16913
723,间谍同盟 ,618,1/2284,23993
724,哥 ,440,1/2467,2516
725,神奇动物在哪里 ,774,1/2226,44631
726,勇士之门 ,319,1/2402,6712
727,爱国者日 ,495,1/2511,1891
728,被掩盖的时间 ,442,1/2508,1774
729,斯隆女士 ,509,1/2530,1670
730,女教师 ,252,1/2531,1145
731,血战钢锯岭 ,880,1/2472,9655
732,流浪猫鲍勃 ,499,1/2451,3589
733,捉迷藏 ,548,1/2376,13049
734,29+1 ,530,1/2336,17857
735,驴得水 ,876,1/2319,32862
736,但丁密码 ,558,1/2321,19569
737,魔发精灵 ,323,1/2408,7156
738,三少爷的剑 ,730,1/2243,38305
739,邻家大贱谍 ,415,1/2342,16389
740,侠探杰克：永不回头 ,578,1/2252,26070
741,贝拉的奇幻花园 ,281,1/2335,14690
742,比利·林恩的中场战事 ,867,1/2305,35665
743,迷失Z城 ,528,1/2346,16696
744,伦敦一家人 ,427,1/2359,12699
745,会计刺客 ,613,1/2236,32838
746,某种女人 ,187,1/2357,12624
747,幸运钥匙 ,584,1/2514,2315
748,人类削减计划 ,264,1/2321,15869
749,二十世纪女人 ,464,1/2312,21205
750,一万公里的约定 ,489,1/2240,22126
751,春梦 ,368,1/2476,2106
752,火车上的女孩 ,453,1/2318,19615
753,小戏骨：白蛇传 ,199,1/2394,9460
754,湄公河行动 ,824,1/2244,44500
755,佩小姐的奇幻城堡 ,665,1/2253,32819
756,深海浩劫 ,644,1/2289,24950
757,王牌逗王牌 ,608,1/2264,24490
758,从你的全世界路过 ,606,1/2307,27663
759,秘果 ,341,1/2383,8771
760,美容针 ,297,1/2391,7172
761,海角有个五店市 ,185,1/2299,22983
762,解救吾先生 ,669,1/2265,35191
763,实习生 ,661,1/2272,31216
764,精灵旅社2 ,534,1/2279,21665
765,与外婆同行 ,161,1/2388,10523
766,知无涯者 ,472,1/2194,32367
767,思悼 ,546,1/2521,2915
768,冈仁波齐 ,637,1/2308,32880
769,失常 ,484,1/2215,28526
770,罪恶之家 ,575,1/2213,37066
771,尊严殖民地 ,486,1/2187,34547
772,炙热 ,252,1/2371,11594
773,特朗勃 ,258,1/2368,11180
774,天空之眼 ,651,1/2262,30185
775,破碎人生 ,490,1/2235,26070
776,老炮儿 ,830,1/2315,31961
777,丹麦女孩 ,578,1/2252,32187
778,塔洛 ,520,1/2336,18379
779,房间 ,623,1/2307,27214
780,妇女参政论者 ,310,1/2302,20483
781,聚焦 ,666,1/2236,38997
782,无境之兽 ,439,1/2206,29051
783,绝命海拔 ,588,1/2234,32575
784,无处可逃 ,407,1/2200,27467
785,内在美 ,652,1/2505,4860
786,我的少女时代 ,779,1/2313,28045
787,秘密特工 ,545,1/2246,28267
788,冲出康普顿 ,374,1/2200,25456
789,滚蛋吧！肿瘤君 ,735,1/2319,26328
790,这时对那时错 ,491,1/2472,2978
791,诚实国度的爱丽丝 ,470,1/2446,3495
792,路边野餐 ,695,1/2275,32048
793,火影忍者剧场版：博人传 ,449,1/2361,15567
794,破风 ,631,1/2263,30130
795,地心营救 ,427,1/2238,21851
796,老手 ,580,1/2534,2985
797,碟中谍5：神秘国度 ,635,1/2291,26352
798,误杀瞒天记 ,502,1/2199,33686
799,旅行终点 ,314,1/2304,18331
800,假期历险记 ,363,1/2178,30002
801,铁拳 ,504,1/2251,23366
802,暗杀 ,679,1/2629,3076
803,小萝莉的猴神大叔 ,612,1/2265,29559
804,蚁人 ,683,1/2234,39142
805,斯坦福监狱实验 ,407,1/2225,24026
806,怪物之子 ,550,1/2233,31278
807,西游记之大圣归来 ,805,1/2295,35828
808,小黄人大眼萌 ,624,1/2268,29419
809,巴霍巴利王(上)：开端 ,499,1/2292,15299
810,老笠 ,354,1/2342,15335
811,我是路人甲 ,654,1/2314,26860
812,感化院 ,135,1/2388,8817
813,摔跤吧！爸爸 ,899,1/2267,44909
814,保安官 ,384,1/2156,34999
815,某一天 ,93,1/2431,6478
816,普通人 ,99,1/2445,8236
817,非正式特工 ,152,1/2348,18301
818,雪花 ,164,1/2320,21191
819,清醒梦 ,307,1/2288,24558
820,再审 ,77,1/2472,5555
821,老幺 ,153,1/2381,11617
822,因为爱 ,328,1/2181,44996
823,你会在那里吗？ ,267,1/2263,28288
824,迷失：消失的女人 ,144,1/2345,14988
825,两个男人 ,313,1/2208,37904
826,竞走女王 ,360,1/2195,25836
827,无限商社2016：危机的公司职员 ,3,1/3235,32
828,阿修罗 ,694,1/2167,57664
829,你自己与你所有 ,251,1/2308,20500
830,密探 ,566,1/2161,46513
831,网 ,507,1/2153,43446
832,祖父 ,481,1/2095,56147
833,最坏的一天 ,312,1/2128,39473
834,犯罪女王 ,345,1/2115,44903
835,首尔站 ,475,1/2183,37446
836,隧道 ,696,1/2259,37623
837,国家代表2 ,520,1/2070,67501
838,德惠翁主 ,484,1/2225,30591
839,仁川登陆作战 ,532,1/2170,43486
840,诡计 ,370,1/2127,43269
841,凤伊金先达 ,4,1/3187,248
842,告别单身 ,199,1/2266,31258
843,狩猎 ,461,1/2138,45179
844,没有秘密 ,432,1/2195,30961
845,我们的世界 ,515,1/2259,29965
846,女人的战争之肮脏的交易 ,305,1/2125,38812
847,特别搜查：死囚来信 ,31,1/2613,1332
848,致命恋爱 ,445,1/2138,43613
849,善良的女秘书的目的 ,0,1/0,0
850,季春奶奶 ,434,1/2303,21974
851,小姐 ,699,1/2286,32623
852,釜山行 ,844,1/2288,41200
853,哭声 ,649,1/2277,30336
854,名侦探洪吉童：消失的村庄 ,227,1/2239,34382
855,恋爱谈 ,443,1/2178,33367
856,年轻母亲4 ,4,1/3119,2
857,我的新野蛮女友 ,561,1/2140,48592
858,伟大的愿望 ,156,1/2340,15713
859,解语花 ,290,1/2338,15504
860,时间脱离者 ,468,1/2142,46651
861,日历女孩 ,305,1/2125,38812
862,来看我吧 ,376,1/2155,38482
863,蚀 ,119,1/2352,13641
864,大演员 ,374,1/2194,27819
865,等着你 ,423,1/2177,36120
866,我朋友的老姐 ,0,1/0,0
867,男与女 ,583,1/2224,37049
868,鬼乡 ,536,1/2245,30975
869,纯情 ,480,1/2162,43367
870,家教高级课程 ,82,1/2434,11562
871,请点赞 ,60,1/2411,5154
872,东柱 ,495,1/2132,49034
873,酒神小姐 ,415,1/2330,17634
874,检察官外传 ,477,1/2284,23777
875,机器人SORI ,81,1/2465,4790
876,那天的氛围 ,35,1/2498,1824
877,寄宿公寓2 ,2,1/3375,0
878,不要忘记我 ,395,1/2106,49821
879,朝鲜魔术师 ,313,1/2128,39459
880,大虎 ,475,1/2212,30399
881,喜马拉雅 ,453,1/2157,40800
882,爱丽丝：从仙境来的少年 ,310,1/2131,37529
883,追逐时间 ,305,1/2129,37526
884,戏剧性的一夜 ,311,1/2127,40114
885,空即是色 ,311,1/2168,27515
886,桃李花歌 ,50,1/2453,4236
887,假装热情 ,315,1/2153,33667
888,局内人 ,573,1/2268,28780
889,我有时候也想成为A片主人公 ,90,1/2420,10429
890,黑司祭们 ,398,1/2208,28684
891,那家伙 ,35,1/2458,2987
892,对不起，我爱你，谢谢你 ,4,1/3029,15
893,新建文件夹2 ,305,1/2125,38812
894,诱人的飞行 ,308,1/2139,34547
895,手机 ,363,1/2187,29123
896,独家报道：良辰杀人记 ,342,1/2158,32905
897,胶片时代爱情 ,327,1/2155,35709
898,有夫之妇 ,305,1/2125,38812
899,愤怒的律师 ,312,1/2143,35544
900,另有他路 ,352,1/2168,48600
901,4等 ,391,1/2153,38521
902,光辉岁月 ,60,1/2414,5482
903,第二次二十岁 ,124,1/2363,14803
904,侦探：开端 ,316,1/2124,39551
905,西部战线 ,350,1/2357,8584
906,课中坏事 ,305,1/2124,39091
907,陷阱：致命的诱惑 ,0,1/0,0
908,突然变异 ,451,1/2187,35872
909,陷阱 ,179,1/2281,28882
910,猪一样的女子 ,8,1/2792,116
911,美味人妻2 ,305,1/2124,39091
912,治外法权 ,305,1/2124,39091
913,妈妈的朋友 ,354,1/2170,32067
914,妻子小姐 ,375,1/2191,28285
915,侠女：剑的记忆 ,325,1/2138,37091
916,最后的慰安妇 ,306,1/2119,41276
917,客人 ,320,1/2138,35559
918,圣母 ,92,1/2417,7392
919,牙齿与指甲 ,84,1/2624,970
920,我的亲密敌人 ,90,1/2382,9179
921,少数意见 ,137,1/2379,10545
922,延坪海战 ,330,1/2179,25423
923,极秘搜查 ,146,1/2346,14735
924,京城学校：消失的少女们 ,11,1/2863,666
925,外出 ,7,1/2841,72
926,隐秘的诱惑 ,337,1/2164,31853
927,美景之屋2 ,0,1/0,0
928,无赖汉 ,344,1/2175,29852
929,奸臣 ,419,1/2219,25106
930,办公室 ,229,1/2331,14225
931,罪恶的编年史 ,342,1/2150,35064
932,恋爱的味道 ,335,1/2155,34368
933,年轻母亲：我年纪如何 ,4,1/3119,2
934,中国城 ,421,1/2200,30583
935,危险的见面礼2 ,320,1/2113,43934
936,长寿商会 ,416,1/2212,28440
937,最后的骑士 ,307,1/2150,32967
938,二十 ,378,1/2182,30359
939,杀人依赖 ,84,1/2391,10361
940,社交恐惧症 ,339,1/2160,33015
941,纯真时代 ,459,1/2132,49319
942,地狱奶奶 ,31,1/2517,1864
943,雪路 ,310,1/2237,32189
944,亲切的家政妇 ,1,1/3361,0
945,朝鲜名侦探：奴隶的女儿 ,316,1/2115,43299
946,如此美好 ,406,1/2080,55418
947,于宇同：无主之花 ,309,1/2118,41970
948,朝我心脏开枪 ,51,1/2425,5251
949,江南1970 ,510,1/2171,43532
950,猫的葬礼 ,321,1/2159,34490
951,许三观 ,449,1/2209,31493
952,今天的恋爱 ,119,1/2360,10488
953,工作女郎 ,334,1/2173,28880
954,偷狗的完美方法 ,183,1/2285,23542
955,高手们 ,393,1/2210,25378
956,尚衣院 ,358,1/2140,40792
957,国际市场 ,607,1/2216,40042
958,德水里五兄弟 ,31,1/2500,1691
959,怨女日记 ,19,1/2638,938
960,顶级较量 ,23,1/2542,1267
961,把爸爸借给你 ,311,1/2127,40941
962,少年轻狂 ,305,1/2119,41262
963,愈合伴侣 ,0,1/0,0
964,时尚王 ,41,1/2489,2819
965,馨荣堂日记 ,83,1/2431,8772
966,情事 ,1,1/3361,0
967,我的独裁者 ,314,1/2142,37084
968,我们是兄弟 ,306,1/2125,39467
969,红地毯 ,39,1/2502,2525
970,我的爱我的新娘 ,36,1/2469,2747
971,下水井 ,368,1/2212,22421
972,布拉芙夫人 ,393,1/2195,29774
973,举报者 ,131,1/2375,9633
974,慢放镜头 ,440,1/2139,43246
975,食物链 ,0,1/0,0
976,烈性摔跤 ,305,1/2126,39538
977,自由之丘 ,375,1/2129,41636
978,老千2：神之手 ,471,1/2191,36104
979,扑通扑通我的人生 ,463,1/2244,24677
980,花葬 ,106,1/2358,12811
981,海雾 ,564,1/2232,32687
982,海盗 ,409,1/2199,29494
983,鸣梁海战 ,620,1/2254,31685
984,群盗：民乱的时代 ,411,1/2203,28284
985,好朋友们 ,248,1/2322,16483
986,神之一手 ,377,1/2123,45974
987,仅此一夜 ,0,1/0,0
988,少女怪谈 ,306,1/2118,41478
989,千万次呼唤 ,0,1/0,0
990,庆州 ,105,1/2369,10445
991,为了皇帝 ,306,1/2119,41537
992,哭泣的男人 ,363,1/2207,24048
993,高跟鞋 ,355,1/2168,32812
994,一对一 ,188,1/2299,21203
995,道熙呀 ,242,1/2352,13789
996,走到尽头 ,530,1/2271,24220
997,人间中毒 ,482,1/2230,29732
998,标靶 ,331,1/2163,30610
999,逆鳞 ,395,1/2199,29387
1000,10分钟 ,76,1/2408,7505
1001,彷徨之刃 ,94,1/2380,8430
1002,荆棘 ,376,1/2154,34918
1003,素描少女 ,1,1/3506,0
1004,青春学堂 ,19,1/2589,2251
1005,优雅的谎言 ,276,1/2297,21889
1006,怪物 ,94,1/2387,9391
1007,遭难者们 ,15,1/2678,314
1008,女演员大作战 ,307,1/2117,41946
1009,危险的传言 ,188,1/2261,31255
1010,官能的法则 ,4,1/3156,2
1011,夜间飞行 ,278,1/2282,21477
1012,朝鲜美女三剑客 ,318,1/2118,42992
1013,基因危机：天才科学家的五日 ,315,1/2135,38041
1014,热血青春 ,341,1/2216,35203
1015,当男人恋爱时 ,216,1/2262,22812
1016,美味人妻 ,0,1/0,0
1017,杀人者 ,7,1/2853,41
1018,计划男 ,251,1/2247,28291
1019,嫌疑人 ,384,1/2201,27515
1020,辩护人 ,706,1/2315,30802
1021,偷心贼 ,486,1/2098,57399
1022,回家的路 ,377,1/2313,20891
1023,华丽的外出 ,99,1/2386,11031
1024,11时 ,94,1/2386,9330
1025,结婚前夜 ,72,1/2405,6142
1026,朋友2 ,425,1/2124,46109
1027,两个心脏 ,338,1/2157,32730
1028,夜关门：欲望之花 ,419,1/2125,44336
1029,同窗 ,425,1/2114,48755
1030,屏息 ,93,1/2381,9314
1031,恋爱的技术 ,244,1/2270,23701
1032,惩戒者 ,89,1/2389,9328
1033,共犯 ,366,1/2182,29284
1034,演员就是演员 ,112,1/2355,11324
1035,顶级明星 ,0,1/0,0
1036,起爆 ,84,1/2399,8089
1037,夜之女王 ,12,1/2650,612
1038,云霄飞车 ,120,1/2359,11926
1039,华颐：吞噬怪物的孩子 ,203,1/2303,19822
1040,韩公主 ,420,1/2203,32186
1041,幸福出租车 ,19,1/2625,1131
1042,素媛 ,603,1/2333,24240
1043,强哲 ,82,1/2408,5732
1044,花样厨神 ,275,1/2384,9377
1045,我们善熙 ,160,1/2355,11750
1046,观相 ,380,1/2260,29486
1047,莫比乌斯 ,235,1/2315,18646
1048,变身小姐 ,115,1/2332,16095
1049,间谍 ,340,1/2154,33366
1050,流感 ,437,1/2357,18894
1051,玫瑰汽车旅馆 ,13,1/2750,122
1052,雪国列车 ,734,1/2305,31607
1053,恐怖直播 ,709,1/2214,49407
1054,冥王星 ,6,1/2898,43
1055,鼓舞激情 ,40,1/2464,3605
1056,绝密跟踪 ,491,1/2283,26718
1057,杀人漫画 ,450,1/2211,30332
1058,提线木偶 ,40,1/2475,3171
1059,樱桃呀，恋爱吧 ,13,1/2720,903
1060,隐秘而伟大 ,523,1/2237,31962
1061,恐怖故事2 ,43,1/2472,2518
1062,温暖的告别 ,35,1/2526,2717
1063,不眠之夜 ,10,1/2813,730
1064,抓住那个家伙 ,424,1/2269,27239
1065,美娜的文具店 ,220,1/2221,32930
1066,高龄化家族 ,117,1/2349,12714
1067,全国歌唱竞赛 ,0,1/0,0
1068,玩物 ,147,1/2431,4614
1069,公正社会 ,55,1/2413,7374
1070,传说的拳头 ,161,1/2320,17568
1071,落跑老爸 ,84,1/2386,9637
1072,恋爱的温度 ,254,1/2340,14483
1073,我的帕瓦罗蒂 ,64,1/2445,4577
1074,读心术 ,65,1/2452,3019
1075,新世界 ,586,1/2389,16428
1076,愤怒的伦理学 ,163,1/2311,20137
1077,不是任何人女儿的海媛 ,245,1/2269,23104
1078,男人使用说明书 ,164,1/2306,21415
1079,南方大作战 ,117,1/2355,11214
1080,柏林 ,599,1/2127,57751
1081,波鲁鲁冰雪大冒险 ,136,1/2562,2619
1082,7号房的礼物 ,618,1/2252,33317
1083,神汉流氓 ,160,1/2313,19634
1084,我的小小英雄 ,2,1/3264,6
1085,姐姐 ,25,1/2496,2379
1086,摩天楼 ,395,1/2256,31996
1087,创可贴 ,273,1/2272,23460
1088,家族荣誉5： 家门的归还 ,17,1/2769,755
1089,我的P.S.搭档 ,238,1/2354,13940
1090,26年 ,99,1/2396,6287
1091,音痴诊所 ,47,1/2427,6059
1092,妈妈别哭 ,229,1/2303,21581
1093,南营洞1985 ,377,1/2093,52654
1094,犯罪少年 ,39,1/2443,3222
1095,胡狼来了 ,132,1/2335,16570
1096,如果我告白的话 ,37,1/2473,3599
1097,我是杀人犯 ,469,1/2196,35678
1098,坏血 ,8,1/2939,77
1099,狼少年 ,690,1/2206,47604
1100,海底大冒险 ,305,1/2119,41262
1101,美景之屋 ,10,1/2761,316
1102,芭比 ,387,1/2114,47582
1103,桃树 ,29,1/2599,667
1104,无情的城市 ,14,1/2625,367
1105,钢铁大吴 ,8,1/2824,96
1106,医生 ,317,1/2124,40453
1107,公司职员 ,120,1/2381,9798
1108,占卜师们 ,6,1/3105,135
1109,圣殇 ,450,1/2276,31679
1110,577计划 ,3,1/3158,87
1111,90分钟 ,10,1/2868,110
1112,邻居 ,372,1/2297,25228
1113,R2B：回到基地 ,200,1/2261,22164
1114,随风而逝 ,109,1/2381,5092
1115,我是王 ,11,1/2721,303
1116,胖嘟嘟的革命 ,36,1/2460,5178
1117,夺宝联盟 ,542,1/2263,35256
1118,五百万美元的大丈夫 ,19,1/2598,447
1119,两个月亮 ,139,1/2351,12128
1120,我是公务员 ,14,1/2643,709
1121,铁线虫入侵 ,559,1/2232,34540
1122,两个婚礼一个葬礼 ,94,1/2383,8787
1123,单身的人上天堂 ,67,1/2425,5605
1124,马屁王 ,21,1/2611,934
1125,GO小姐 ,136,1/2343,12300
1126,雅典娜：无间谍局 ,328,1/2107,47154
1127,后宫：帝王之妾 ,400,1/2196,29928
1128,不明影像：绝对点击禁止 ,124,1/2359,9963
1129,车警官 ,131,1/2374,8316
1130,奶奶一年级 ,45,1/2461,5833
1131,天国的孩子们 ,7,1/3149,60
1132,在异国 ,178,1/2309,20104
1133,我妻子的一切 ,377,1/2278,27306
1134,金钱之味 ,335,1/2106,47602
1135,朝韩梦之队 ,216,1/2292,18325
1136,恩娇 ,593,1/2122,60579
1137,人类灭亡报告书 ,291,1/2287,20853
1138,捉奸侦探 ,65,1/2470,3087
1139,借尸还魂 ,37,1/2712,478
1140,建筑学概论 ,600,1/2286,32369
1141,咖啡 ,53,1/2515,2383
1142,火车 ,444,1/2109,51659
1143,银实 ,34,1/2463,3687
1144,十八，十九 ,37,1/2563,1045
1145,爱情小说 ,143,1/2345,12282
1146,嚎叫 ,521,1/2152,49350
1147,与犯罪的战争：坏家伙的全盛时代 ,536,1/2122,57254
1148,爸爸 ,40,1/2606,696
1149,断箭 ,254,1/2256,26173
1150,舞蹈皇后 ,258,1/2273,22697
1151,永无结局的故事 ,44,1/2592,1725
1152,领跑人 ,92,1/2389,7948
1153,考拉大冒险 ,20,1/2673,1533
1154,完美广播 ,52,1/2485,2764
1155,登陆之日 ,393,1/2272,27799
1156,红色假期黑色婚礼 ,143,1/2299,16214
1157,我的见鬼女友 ,478,1/2117,54050
1158,爱实录 ,34,1/2498,2178
1159,特别搜查总部 ,40,1/2588,854
1160,事物的秘密 ,135,1/2323,10758
1161,宠物情人 ,118,1/2337,13519
1162,爱情储蓄罐 ,151,1/2363,12038
1163,猪猡之王 ,44,1/2509,4704
1164,偶像先生 ,125,1/2313,19275
1165,情侣们 ,426,1/2037,73299
1166,今天 ,234,1/2267,22982
1167,只有你 ,322,1/2313,20654
1168,少年菀得 ,335,1/2332,16525
1169,斗魂 ,43,1/2577,1114
1170,委托人 ,178,1/2328,15864
1171,倒计时 ,103,1/2409,5951
1172,阿门 ,1,1/3453,0
1173,纪子，去首尔吧 ,102,1/2391,4281
1174,北村方向 ,235,1/2236,27987
1175,啐啄同时 ,11,1/2710,149
1176,家族荣誉4：家门的受难 ,14,1/2655,340
1177,冠军 ,313,1/2257,27810
1178,痛症 ,204,1/2301,16368
1179,蓝盐 ,434,1/2079,60195
1180,盲证 ,547,1/2264,26488
1181,最终兵器：弓 ,519,1/2141,48366
1182,深海之战 ,488,1/2190,34966
1183,寄生灵 ,357,1/2103,48990
1184,禽兽 ,14,1/2589,524
1185,鸡妈鸭仔 ,176,1/2523,1281
1186,快递惊魂 ,11,1/2708,481
1187,高地战 ,643,1/2150,56194
1188,猫：看见死亡的双眼 ,230,1/2474,4403
1189,和平公主减肥记 ,2,1/3609,96
1190,丰山犬 ,411,1/2124,46776
1191,青葱岁月 ,47,1/2430,4601
1192,白色：诅咒的旋律 ,206,1/2264,22690
1193,白鲸 ,102,1/2393,6682
1194,再见，男孩 ,11,1/2852,29
1195,妈妈 ,14,1/2666,1548
1196,对不起，谢谢你 ,8,1/2910,357
1197,消失的头颅 ,48,1/2452,3230
1198,阳光姐妹淘 ,636,1/2340,26715
1199,逮捕王 ,109,1/2369,8995
1200,世上最美的离别 ,325,1/2286,21962
1201,可疑的顾客们 ,189,1/2322,13390
1202,我是爸爸 ,2,1/3418,13
1203,茂山日记 ,120,1/2362,11203
1204,危险的见面礼 ,98,1/2391,7133
1205,再见我的微笑 ,22,1/2579,1653
1206,我的黑色小礼服 ,461,1/2308,23712
1207,爱情真可怕 ,357,1/2262,27667
1208,爱，不爱 ,451,1/2281,26628
1209,守望者 ,163,1/2331,14893
1210,我爱你 ,541,1/2289,29530
1211,孩子们 ,359,1/2206,36804
1212,惠化，洞 ,0,1/0,0
1213,朝鲜名侦探：高山乌头花的秘密 ,330,1/2109,44406
1214,棒球之爱 ,128,1/2350,8478
1215,心跳 ,26,1/2515,1952
1216,黄海 ,676,1/2201,46829
1217,开心家族 ,548,1/2316,23840
1218,站着睡觉的树 ,143,1/2286,18792
1219,寻找金钟旭 ,320,1/2350,13254
1220,吝啬罗曼史 ,62,1/2451,3504
1221,钢琴师 ,9,1/2816,240
1222,二楼的恶人 ,43,1/2484,2745
1223,我们见过吗 ,2,1/3345,0
1224,两个女人 ,315,1/2129,38032
1225,大庆典 ,105,1/2368,8616
1226,超能力者 ,86,1/2384,9187
1227,伊帕内玛的少年 ,85,1/2398,6917
1228,不良男女 ,134,1/2364,9936
1229,不当交易 ,129,1/2370,10169
1230,纯乐 ,15,1/2668,453
1231,大酱 ,27,1/2544,1148
1232,深夜调频 ,33,1/2535,1718
1233,IRIS电影版 ,11,1/3017,97
1234,教你谈恋爱 ,105,1/2375,4988
1235,难兄难弟 ,12,1/2703,180
1236,恋爱操作团 ,302,1/2229,30355
1237,玉熙的电影 ,142,1/2353,12397
1238,无籍者 ,165,1/2330,15438
1239,大奖赛 ,16,1/2674,411
1240,竞猜王 ,84,1/2392,6070
1241,晚秋 ,164,1/2364,11038
